Feature,Importance
MonthlyIncome,0.2365489879203226
TotalWorkingYears,0.18298343602450629
Age,0.17780838050880884
DistanceFromHome,0.1329179427282961
OverTime_Yes,0.1098632420469054
EnvironmentSatisfaction,0.0827408265276035
StockOptionLevel,0.07713718424355731
